Apellidos,Nombres,Numero de Pasaporte,Nacionalidad,Fecha de Nacimiento,Sexo,Fecha de Expiracion
MACATINSKY,ALBERTO MARIO,04981576,ARG,04/05/48,MASCULINO,03/22,
RICE,MICHAEL RONALD,43127612,u5A,10/05/51,MASCULINO,09/17,
EKRTIN,SARAH,ZE000509,CAN,01/01/85,FEMENINO,01/23,
LENGKAP,NAMA,X000000<,IDN,17/08/45,INDEFINIDO,01/16,
DOPPLER,JOHANNES,P5941118,AUT,28/12/85,MASCULINO,10/21,
VALDEZ ï¬‚RAGON,HARIO ANTONIO,C<1 2867,6N1,40/50/66,INDEFINIDO,71/M9,
LOBO ZAPATA,RAUL ANTONIO,C0378362,$LV,12/05/51,MASCULINO,03/11,
THE HIZARD OF NEN ZEALAND,NO FORENAMEI,7001.659,BGB,20/21/R3,INDEFINIDO,30/M9,




























































































